Date,Time,PC0.1,PC0.3,PC0.5,PC1.0,PC2.5,PC5.0,PC10,PM0.1,PM0.3,PM0.5,PM1.0,PM2.5,PM5.0,PM10
03/07/2025,16:09:06,36530,14612,11410,528,4,0,0,0.03342949,0.39446608,1.69957277,2.18302931,2.19961620,2.22909603,2.22909603
03/07/2025,16:09:06,36530,14612,11410,528,4,0,0,0.03342949,0.39446608,1.69957277,2.18302931,2.19961620,2.22909603,2.22909603
03/07/2025,16:09:07,36523,14609,11329,528,4,0,0,0.03342309,0.39439075,1.69029581,2.17401132,2.19008868,2.21737222,2.21737222
03/07/2025,16:09:07,36523,14609,11329,528,4,0,0,0.03342309,0.39439075,1.69029581,2.17401132,2.19008868,2.21737222,2.21737222
03/07/2025,16:09:08,36443,14577,11136,517,4,0,0,0.03334950,0.39352229,1.66736820,2.14064511,2.15761505,2.18161961,2.18161961
03/07/2025,16:09:08,36443,14577,11136,517,4,0,0,0.03334950,0.39352229,1.66736820,2.14064511,2.15761505,2.18161961,2.18161961
03/07/2025,16:09:09,36335,14534,10915,505,4,0,0,0.03325052,0.39235443,1.64088138,2.10310656,2.12109918,2.14402106,2.14402106
03/07/2025,16:09:09,36335,14534,10915,505,4,0,0,0.03325052,0.39235443,1.64088138,2.10310656,2.12109918,2.14402106,2.14402106
03/07/2025,16:09:10,36140,14456,10612,492,5,0,0,0.03307229,0.39025137,1.60408811,2.05435561,2.07349738,2.09205761,2.09205761
03/07/2025,16:09:10,36140,14456,10612,492,5,0,0,0.03307229,0.39025137,1.60408811,2.05435561,2.07349738,2.09205761,2.09205761
03/07/2025,16:09:11,35972,14389,10403,482,5,0,0,0.03291863,0.38843812,1.57838592,2.02021889,2.04012677,2.05868700,2.05868700
03/07/2025,16:09:11,35972,14389,10403,482,5,0,0,0.03291863,0.38843812,1.57838592,2.02021889,2.04012677,2.05868700,2.05868700
03/07/2025,16:09:12,35855,14342,10356,477,5,0,0,0.03281127,0.38717115,1.57180313,2.00865976,2.02882060,2.04738083,2.04738083
03/07/2025,16:09:12,35855,14342,10356,477,5,0,0,0.03281127,0.38717115,1.57180313,2.00865976,2.02882060,2.04738083,2.04738083
03/07/2025,16:09:13,35756,14302,10365,472,5,0,0,0.03272062,0.38610150,1.57170688,2.00400628,2.02442369,2.04298392,2.04298392
03/07/2025,16:09:13,35756,14302,10365,472,5,0,0,0.03272062,0.38610150,1.57170688,2.00400628,2.02442369,2.04298392,2.04298392
03/07/2025,16:09:14,35639,14255,10395,466,5,0,0,0.03261356,0.38483832,1.57387324,2.00051729,2.02144423,2.04000446,2.04000446
03/07/2025,16:09:14,35639,14255,10395,466,5,0,0,0.03261356,0.38483832,1.57387324,2.00051729,2.02144423,2.04000446,2.04000446
03/07/2025,16:09:15,35566,14226,10540,462,5,0,0,0.03254692,0.38405182,1.58966033,2.01284620,2.03377314,2.05233337,2.05233337
03/07/2025,16:09:15,35566,14226,10540,462,5,0,0,0.03254692,0.38405182,1.58966033,2.01284620,2.03377314,2.05233337,2.05233337
03/07/2025,16:09:16,35495,14198,10683,458,5,0,0,0.03248203,0.38328630,1.60529466,2.02495829,2.04588523,2.06444546,2.06444546
03/07/2025,16:09:16,35495,14198,10683,458,5,0,0,0.03248203,0.38328630,1.60529466,2.02495829,2.04588523,2.06444546,2.06444546
03/07/2025,16:09:17,35430,14172,10824,455,5,0,0,0.03242305,0.38259035,1.62071591,2.03743931,2.05836625,2.07692648,2.07692648
03/07/2025,16:09:17,35430,14172,10824,455,5,0,0,0.03242305,0.38259035,1.62071591,2.03743931,2.05836625,2.07692648,2.07692648
03/07/2025,16:09:18,35391,14156,10958,451,5,0,0,0.03238718,0.38216706,1.63566657,2.04925482,2.07018176,2.08874199,2.08874199
03/07/2025,16:09:18,35391,14156,10958,451,5,0,0,0.03238718,0.38216706,1.63566657,2.04925482,2.07018176,2.08874199,2.08874199
03/07/2025,16:09:19,35298,14119,10967,444,5,0,0,0.03230202,0.38116226,1.63569179,2.04204155,2.06335155,2.07755012,2.07755012
03/07/2025,16:09:19,35298,14119,10967,444,5,0,0,0.03230202,0.38116226,1.63569179,2.04204155,2.06335155,2.07755012,2.07755012
03/07/2025,16:09:20,35203,14081,10886,434,6,0,0,0.03221503,0.38013553,1.62535019,2.02268342,2.04450295,2.05870152,2.05870152
03/07/2025,16:09:20,35203,14081,10886,434,6,0,0,0.03221503,0.38013553,1.62535019,2.02268342,2.04450295,2.05870152,2.05870152
03/07/2025,16:09:21,35149,14059,10808,425,6,0,0,0.03216575,0.37955400,1.61584978,2.00484549,2.02704807,2.04124664,2.04124664
03/07/2025,16:09:21,35149,14059,10808,425,6,0,0,0.03216575,0.37955400,1.61584978,2.00484549,2.02704807,2.04124664,2.04124664
03/07/2025,16:09:22,35136,14054,10687,422,6,0,0,0.03215353,0.37941002,1.60187888,1.98857950,2.01116513,2.02536370,2.02536370
03/07/2025,16:09:22,35136,14054,10687,422,6,0,0,0.03215353,0.37941002,1.60187888,1.98857950,2.01116513,2.02536370,2.02536370
03/07/2025,16:09:23,35111,14044,10512,421,6,0,0,0.03213107,0.37914500,1.58161085,1.96776241,1.99073109,2.00165069,2.00165069
03/07/2025,16:09:23,35111,14044,10512,421,6,0,0,0.03213107,0.37914500,1.58161085,1.96776241,1.99073109,2.00165069,2.00165069
03/07/2025,16:09:24,35112,14045,10378,422,6,0,0,0.03213188,0.37915453,1.56624643,1.95330303,1.97652829,1.98744789,1.98744789
03/07/2025,16:09:24,35112,14045,10378,422,6,0,0,0.03213188,0.37915453,1.56624643,1.95330303,1.97652829,1.98744789,1.98744789
03/07/2025,16:09:25,35116,14046,10261,424,6,0,0,0.03213537,0.37919553,1.55296962,1.94122135,1.96482966,1.97574926,1.97574926
03/07/2025,16:09:25,35116,14046,10261,424,6,0,0,0.03213537,0.37919553,1.55296962,1.94122135,1.96482966,1.97574926,1.97574926
03/07/2025,16:09:26,35134,14053,10173,426,6,0,0,0.03215136,0.37938430,1.54304376,1.93333160,1.95693991,1.96785951,1.96785951
03/07/2025,16:09:26,35134,14053,10173,426,6,0,0,0.03215136,0.37938430,1.54304376,1.93333160,1.95693991,1.96785951,1.96785951
03/07/2025,16:09:27,35235,14094,10204,430,6,0,0,0.03224402,0.38047777,1.54773628,1.94196730,1.96557561,1.97649521,1.97649521
03/07/2025,16:09:27,35235,14094,10204,430,6,0,0,0.03224402,0.38047777,1.54773628,1.94196730,1.96557561,1.97649521,1.97649521
03/07/2025,16:09:28,35365,14146,10284,437,6,0,0,0.03236326,0.38188487,1.55828862,1.95823905,1.98184736,1.99276696,1.99276696
03/07/2025,16:09:28,35365,14146,10284,437,6,0,0,0.03236326,0.38188487,1.55828862,1.95823905,1.98184736,1.99276696,1.99276696
03/07/2025,16:09:29,35509,14203,10418,445,6,0,0,0.03249447,0.38343310,1.57515418,1.98308708,2.00631234,2.02051091,2.02051091
03/07/2025,16:09:29,35509,14203,10418,445,6,0,0,0.03249447,0.38343310,1.57515418,1.98308708,2.00631234,2.02051091,2.02051091
03/07/2025,16:09:30,35575,14230,10510,452,6,0,0,0.03255539,0.38415191,1.58633100,2.00069526,2.02353747,2.03773604,2.03773604
03/07/2025,16:09:30,35575,14230,10510,452,6,0,0,0.03255539,0.38415191,1.58633100,2.00069526,2.02353747,2.03773604,2.03773604
03/07/2025,16:09:31,35629,14251,10576,459,6,0,0,0.03260451,0.38473155,1.59451274,2.01517841,2.03776404,2.05196261,2.05196261
03/07/2025,16:09:31,35629,14251,10576,459,6,0,0,0.03260451,0.38473155,1.59451274,2.01517841,2.03776404,2.05196261,2.05196261
03/07/2025,16:09:32,35720,14288,10691,466,6,0,0,0.03268756,0.38571157,1.60858043,2.03522448,2.05742706,2.07162563,2.07162563
03/07/2025,16:09:32,35720,14288,10691,466,6,0,0,0.03268756,0.38571157,1.60858043,2.03522448,2.05742706,2.07162563,2.07162563
03/07/2025,16:09:33,35919,14367,11000,476,5,0,0,0.03286967,0.38786041,1.64616274,2.08208139,2.10364796,2.12112551,2.12112551
03/07/2025,16:09:33,35919,14367,11000,476,5,0,0,0.03286967,0.38786041,1.64616274,2.08208139,2.10364796,2.12112551,2.12112551
03/07/2025,16:09:34,36177,14471,11398,489,5,0,0,0.03310655,0.39065558,1.69439300,2.14194630,2.16287324,2.18143347,2.18143347
03/07/2025,16:09:34,36177,14471,11398,489,5,0,0,0.03310655,0.39065558,1.69439300,2.14194630,2.16287324,2.18143347,2.18143347
03/07/2025,16:09:35,36388,14555,11724,502,5,0,0,0.03329964,0.39293405,1.73398733,2.19369139,2.21385223,2.23349514,2.23349514
03/07/2025,16:09:35,36388,14555,11724,502,5,0,0,0.03329964,0.39293405,1.73398733,2.19369139,2.21385223,2.23349514,2.23349514
03/07/2025,16:09:36,36554,14621,11976,513,5,0,0,0.03345098,0.39471968,1.76463446,2.23487413,2.25426886,2.27719074,2.27719074
03/07/2025,16:09:36,36554,14621,11976,513,5,0,0,0.03345098,0.39471968,1.76463446,2.23487413,2.25426886,2.27719074,2.27719074
03/07/2025,16:09:37,36664,14665,12137,521,5,0,0,0.03355203,0.39591229,1.78423044,2.26161159,2.28062327,2.30354515,2.30354515
03/07/2025,16:09:37,36664,14665,12137,521,5,0,0,0.03355203,0.39591229,1.78423044,2.26161159,2.28062327,2.30354515,2.30354515
03/07/2025,16:09:38,36760,14704,12245,522,5,0,0,0.03363977,0.39694760,1.79761016,2.27550835,2.29452003,2.31744191,2.31744191
03/07/2025,16:09:38,36760,14704,12245,522,5,0,0,0.03363977,0.39694760,1.79761016,2.27550835,2.29452003,2.31744191,2.31744191
03/07/2025,16:09:39,36880,14752,12358,519,5,0,0,0.03374958,0.39824320,1.81182369,2.28762171,2.30663339,2.32955527,2.32955527
03/07/2025,16:09:39,36880,14752,12358,519,5,0,0,0.03374958,0.39824320,1.81182369,2.28762171,2.30663339,2.32955527,2.32955527
03/07/2025,16:09:40,36962,14784,12465,517,5,0,0,0.03382440,0.39912599,1.82493776,2.29837664,2.31738832,2.33811391,2.33811391
03/07/2025,16:09:40,36962,14784,12465,517,5,0,0,0.03382440,0.39912599,1.82493776,2.29837664,2.31738832,2.33811391,2.33811391
03/07/2025,16:09:41,36910,14764,12328,509,5,0,0,0.03377680,0.39856447,1.80871553,2.27523896,2.29489027,2.31345050,2.31345050
03/07/2025,16:09:41,36910,14764,12328,509,5,0,0,0.03377680,0.39856447,1.80871553,2.27523896,2.29489027,2.31345050,2.31345050
03/07/2025,16:09:42,36839,14735,12123,499,5,0,0,0.03371216,0.39780179,1.78457692,2.24166378,2.26195471,2.28051494,2.28051494
03/07/2025,16:09:42,36839,14735,12123,499,5,0,0,0.03371216,0.39780179,1.78457692,2.24166378,2.26195471,2.28051494,2.28051494
03/07/2025,16:09:43,36823,14729,11970,489,5,0,0,0.03369772,0.39763117,1.76686320,2.21493353,2.23586047,2.25222440,2.25222440
03/07/2025,16:09:43,36823,14729,11970,489,5,0,0,0.03369772,0.39763117,1.76686320,2.21493353,2.23586047,2.25222440,2.25222440
03/07/2025,16:09:44,36834,14733,11875,488,5,0,0,0.03370764,0.39774842,1.75611856,2.20273479,2.22404479,2.23824336,2.23824336
03/07/2025,16:09:44,36834,14733,11875,488,5,0,0,0.03370764,0.39774842,1.75611856,2.20273479,2.22404479,2.23824336,2.23824336
03/07/2025,16:09:45,36842,14737,11783,487,5,0,0,0.03371501,0.39783518,1.74563430,2.19166852,2.21310500,2.22730357,2.22730357
03/07/2025,16:09:45,36842,14737,11783,487,5,0,0,0.03371501,0.39783518,1.74563430,2.19166852,2.21310500,2.22730357,2.22730357
03/07/2025,16:11:44,33655,13462,10231,273,7,0,0,0.03079865,0.36342256,1.53376712,1.78405940,1.81047556,1.82139516,1.82139516
03/07/2025,16:11:44,33655,13462,10231,273,7,0,0,0.03079865,0.36342256,1.53376712,1.78405940,1.81047556,1.82139516,1.82139516
03/07/2025,16:11:45,33727,13490,10310,273,7,0,0,0.03086403,0.36419382,1.54357049,1.79402383,1.82043999,1.83135959,1.83135959
03/07/2025,16:11:45,33727,13490,10310,273,7,0,0,0.03086403,0.36419382,1.54357049,1.79402383,1.82043999,1.83135959,1.83135959
03/07/2025,16:11:46,33843,13537,10452,274,7,0,0,0.03097051,0.36545032,1.56100070,1.81248811,1.83890427,1.84982387,1.84982387
03/07/2025,16:11:46,33843,13537,10452,274,7,0,0,0.03097051,0.36545032,1.56100070,1.81248811,1.83890427,1.84982387,1.84982387
03/07/2025,16:11:47,34067,13626,10778,277,7,0,0,0.03117514,0.36786510,1.60079197,1.85483252,1.88086562,1.89286790,1.89286790
03/07/2025,16:11:47,34067,13626,10778,277,7,0,0,0.03117514,0.36786510,1.60079197,1.85483252,1.88086562,1.89286790,1.89286790
03/07/2025,16:11:48,34303,13721,11113,279,7,0,0,0.03139144,0.37041722,1.64157696,1.89745962,1.92310967,1.93730824,1.93730824
03/07/2025,16:11:48,34303,13721,11113,279,7,0,0,0.03139144,0.37041722,1.64157696,1.89745962,1.92310967,1.93730824,1.93730824
03/07/2025,16:11:49,34509,13803,11377,280,7,0,0,0.03158007,0.37264322,1.67397723,1.93040987,1.95592983,1.97012840,1.97012840
03/07/2025,16:11:49,34509,13803,11377,280,7,0,0,0.03158007,0.37264322,1.67397723,1.93040987,1.95592983,1.97012840,1.97012840
03/07/2025,16:11:50,34815,13926,11784,283,6,0,0,0.03185954,0.37594084,1.72385297,1.98351684,2.00852727,2.02272584,2.02272584
03/07/2025,16:11:50,34815,13926,11784,283,6,0,0,0.03185954,0.37594084,1.72385297,1.98351684,2.00852727,2.02272584,2.02272584
03/07/2025,16:11:51,35092,14036,12100,286,6,0,0,0.03211323,0.37893432,1.76296667,2.02502171,2.04952260,2.06372117,2.06372117
03/07/2025,16:11:51,35092,14036,12100,286,6,0,0,0.03211323,0.37893432,1.76296667,2.02502171,2.04952260,2.06372117,2.06372117
03/07/2025,16:11:52,35281,14112,12285,287,6,0,0,0.03228635,0.38097729,1.78621242,2.04891444,2.07341533,2.08761390,2.08761390
03/07/2025,16:11:52,35281,14112,12285,287,6,0,0,0.03228635,0.38097729,1.78621242,2.04891444,2.07341533,2.08761390,2.08761390
03/07/2025,16:11:53,35452,14180,12429,286,6,0,0,0.03244244,0.38281914,1.80451485,2.06686090,2.09123531,2.10543388,2.10543388
03/07/2025,16:11:53,35452,14180,12429,286,6,0,0,0.03244244,0.38281914,1.80451485,2.06686090,2.09123531,2.10543388,2.10543388
03/07/2025,16:11:54,35662,14265,12563,286,6,0,0,0.03263515,0.38509288,1.82216242,2.08421746,2.10833530,2.12253387,2.12253387
03/07/2025,16:11:54,35662,14265,12563,286,6,0,0,0.03263515,0.38509288,1.82216242,2.08421746,2.10833530,2.12253387,2.12253387
03/07/2025,16:11:55,35723,14289,12422,282,6,0,0,0.03269041,0.38574496,1.80664079,2.06530262,2.08980351,2.10400208,2.10400208
03/07/2025,16:11:55,35723,14289,12422,282,6,0,0,0.03269041,0.38574496,1.80664079,2.06530262,2.08980351,2.10400208,2.10400208
03/07/2025,16:11:56,35695,14278,12161,277,6,0,0,0.03266494,0.38544464,1.77656208,2.03024757,2.05513152,2.06713380,2.06713380
03/07/2025,16:11:56,35695,14278,12161,277,6,0,0,0.03266494,0.38544464,1.77656208,2.03024757,2.05513152,2.06713380,2.06713380
03/07/2025,16:11:57,35668,14267,11946,272,6,0,0,0.03263999,0.38515008,1.75163944,2.00089765,2.02616465,2.03708425,2.03708425
03/07/2025,16:11:57,35668,14267,11946,272,6,0,0,0.03263999,0.38515008,1.75163944,2.00089765,2.02616465,2.03708425,2.03708425
03/07/2025,16:11:58,35577,14231,11631,265,7,0,0,0.03255742,0.38417576,1.71465791,1.95758176,1.98335829,1.99427789,1.99427789
03/07/2025,16:11:58,35577,14231,11631,265,7,0,0,0.03255742,0.38417576,1.71465791,1.95758176,1.98335829,1.99427789,1.99427789
03/07/2025,16:11:59,35471,14188,11285,257,7,0,0,0.03246021,0.38302889,1.67390489,1.90991329,1.93607287,1.94479617,1.94479617
03/07/2025,16:11:59,35471,14188,11285,257,7,0,0,0.03246021,0.38302889,1.67390489,1.90991329,1.93607287,1.94479617,1.94479617
03/07/2025,16:12:00,35393,14157,11039,252,7,0,0,0.03238847,0.38218231,1.64488357,1.87555965,1.90197581,1.90850282,1.90850282
03/07/2025,16:12:00,35393,14157,11039,252,7,0,0,0.03238847,0.38218231,1.64488357,1.87555965,1.90197581,1.90850282,1.90850282
03/07/2025,16:12:01,35379,14151,10995,250,7,0,0,0.03237571,0.38203171,1.63976041,1.86904645,1.89546261,1.90310323,1.90310323
03/07/2025,16:12:01,35379,14151,10995,250,7,0,0,0.03237571,0.38203171,1.63976041,1.86904645,1.89546261,1.90310323,1.90310323
03/07/2025,16:12:02,35328,14131,10986,255,7,0,0,0.03232911,0.38148164,1.63818032,1.87179663,1.89821279,1.90913239,1.90913239
03/07/2025,16:12:02,35328,14131,10986,255,7,0,0,0.03232911,0.38148164,1.63818032,1.87179663,1.89821279,1.90913239,1.90913239
03/07/2025,16:12:03,35264,14105,10976,260,7,0,0,0.03227061,0.38079141,1.63634695,1.87474652,1.90077962,1.91169922,1.91169922
03/07/2025,16:12:03,35264,14105,10976,260,7,0,0,0.03227061,0.38079141,1.63634695,1.87474652,1.90077962,1.91169922,1.91169922
03/07/2025,16:12:04,35220,14088,11002,266,7,0,0,0.03223038,0.38031665,1.63884523,1.88231814,1.90822115,1.91914075,1.91914075
03/07/2025,16:12:04,35220,14088,11002,266,7,0,0,0.03223038,0.38031665,1.63884523,1.88231814,1.90822115,1.91914075,1.91914075
03/07/2025,16:12:05,35180,14072,11039,271,7,0,0,0.03219425,0.37989051,1.64259177,1.89110691,1.91662687,1.92754647,1.92754647
03/07/2025,16:12:05,35180,14072,11039,271,7,0,0,0.03219425,0.37989051,1.64259177,1.89110691,1.91662687,1.92754647,1.92754647
03/07/2025,16:12:06,35169,14067,11145,278,6,0,0,0.03218400,0.37976944,1.65464536,1.90907392,1.93421083,1.94840940,1.94840940
03/07/2025,16:12:06,35169,14067,11145,278,6,0,0,0.03218400,0.37976944,1.65464536,1.90907392,1.93421083,1.94840940,1.94840940
03/07/2025,16:12:07,35184,14073,11292,284,6,0,0,0.03219732,0.37992674,1.67160250,1.93236541,1.95724936,1.97144793,1.97144793
03/07/2025,16:12:07,35184,14073,11292,284,6,0,0,0.03219732,0.37992674,1.67160250,1.93236541,1.95724936,1.97144793,1.97144793
03/07/2025,16:12:08,35288,14115,11534,293,6,0,0,0.03229298,0.38105547,1.70039297,1.96907338,1.99331770,2.00751627,2.00751627
03/07/2025,16:12:08,35288,14115,11534,293,6,0,0,0.03229298,0.38105547,1.70039297,1.96907338,1.99331770,2.00751627,2.00751627
03/07/2025,16:12:09,35393,14157,11678,300,6,0,0,0.03238863,0.38218423,1.71798232,1.99257705,2.01669489,2.03089346,2.03089346
03/07/2025,16:12:09,35393,14157,11678,300,6,0,0,0.03238863,0.38218423,1.71798232,1.99257705,2.01669489,2.03089346,2.03089346
03/07/2025,16:12:10,35447,14178,11710,299,6,0,0,0.03243817,0.38276864,1.72222228,1.99617003,2.02028787,2.03448644,2.03448644
03/07/2025,16:12:10,35447,14178,11710,299,6,0,0,0.03243817,0.38276864,1.72222228,1.99617003,2.02028787,2.03448644,2.03448644
03/07/2025,16:12:11,35489,14195,11719,297,6,0,0,0.03247702,0.38322718,1.72371095,1.99597857,2.02009641,2.03429498,2.03429498
03/07/2025,16:12:11,35489,14195,11719,297,6,0,0,0.03247702,0.38322718,1.72371095,1.99597857,2.02009641,2.03429498,2.03429498
03/07/2025,16:12:12,35503,14201,11677,294,6,0,0,0.03248930,0.38337209,1.71911356,1.98873103,2.01323192,2.02743049,2.02743049
03/07/2025,16:12:12,35503,14201,11677,294,6,0,0,0.03248930,0.38337209,1.71911356,1.98873103,2.01323192,2.02743049,2.02743049
03/07/2025,16:12:13,35468,14187,11558,290,6,0,0,0.03245715,0.38299267,1.70512946,1.97132169,1.99594906,2.01014763,2.01014763
03/07/2025,16:12:13,35468,14187,11558,290,6,0,0,0.03245715,0.38299267,1.70512946,1.97132169,1.99594906,2.01014763,2.01014763
03/07/2025,16:12:14,35398,14159,11341,286,6,0,0,0.03239358,0.38224240,1.67952086,1.94131784,1.96632827,1.97833055,1.97833055
03/07/2025,16:12:14,35398,14159,11341,286,6,0,0,0.03239358,0.38224240,1.67952086,1.94131784,1.96632827,1.97833055,1.97833055
03/07/2025,16:12:15,35349,14139,11148,282,7,0,0,0.03234856,0.38171138,1.65687006,1.91498283,1.94050279,1.95142239,1.95142239
03/07/2025,16:12:15,35349,14139,11148,282,7,0,0,0.03234856,0.38171138,1.65687006,1.91498283,1.94050279,1.95142239,1.95142239
03/07/2025,16:12:16,35226,14090,10855,275,7,0,0,0.03223626,0.38038623,1.62205434,1.87418873,1.90022183,1.91114143,1.91114143
03/07/2025,16:12:16,35226,14090,10855,275,7,0,0,0.03223626,0.38038623,1.62205434,1.87418873,1.90022183,1.91114143,1.91114143
03/07/2025,16:12:17,35103,14041,10568,268,7,0,0,0.03212299,0.37904965,1.58785733,1.83326935,1.85981199,1.86853529,1.86853529
03/07/2025,16:12:17,35103,14041,10568,268,7,0,0,0.03212299,0.37904965,1.58785733,1.83326935,1.85981199,1.86853529,1.86853529
03/07/2025,16:12:18,35019,14007,10351,261,7,0,0,0.03204608,0.37814209,1.56214794,1.80184055,1.82863976,1.83516677,1.83516677
03/07/2025,16:12:18,35019,14007,10351,261,7,0,0,0.03204608,0.37814209,1.56214794,1.80184055,1.82863976,1.83516677,1.83516677
03/07/2025,16:12:19,34945,13978,10165,256,7,0,0,0.03197863,0.37734606,1.54014914,1.77460644,1.80191518,1.80844219,1.80844219
03/07/2025,16:12:19,34945,13978,10165,256,7,0,0,0.03197863,0.37734606,1.54014914,1.77460644,1.80191518,1.80844219,1.80844219
03/07/2025,16:12:20,34931,13972,10059,251,7,0,0,0.03196593,0.37719636,1.52788128,1.75836336,1.78567210,1.79219911,1.79219911
03/07/2025,16:12:20,34931,13972,10059,251,7,0,0,0.03196593,0.37719636,1.52788128,1.75836336,1.78567210,1.79219911,1.79219911
03/07/2025,16:12:21,34924,13969,9970,247,7,0,0,0.03195914,0.37711629,1.51757345,1.74420934,1.77202761,1.77855462,1.77855462
03/07/2025,16:12:21,34924,13969,9970,247,7,0,0,0.03195914,0.37711629,1.51757345,1.74420934,1.77202761,1.77855462,1.77855462
03/07/2025,16:19:43,30978,12391,5325,205,6,0,0,0.02834850,0.33451072,0.94367494,1.13217748,1.15667837,1.16320538,1.16320538
03/07/2025,16:19:43,30978,12391,5325,205,6,0,0,0.02834850,0.33451072,0.94367494,1.13217748,1.15667837,1.16320538,1.16320538
03/07/2025,16:19:44,30738,12295,5044,200,6,0,0,0.02812865,0.33191666,0.90890720,1.09207742,1.11734442,1.12387143,1.12387143
03/07/2025,16:19:44,30738,12295,5044,200,6,0,0,0.02812865,0.33191666,0.90890720,1.09207742,1.11734442,1.12387143,1.12387143
03/07/2025,16:19:45,30556,12222,4876,195,7,0,0,0.02796280,0.32995948,0.88772652,1.06640449,1.09243759,1.09896460,1.09896460
03/07/2025,16:19:45,30556,12222,4876,195,7,0,0,0.02796280,0.32995948,0.88772652,1.06640449,1.09243759,1.09896460,1.09896460
03/07/2025,16:19:46,30446,12178,4901,192,7,0,0,0.02786188,0.32876875,0.88945221,1.06525400,1.09167016,1.09819717,1.09819717
03/07/2025,16:19:46,30446,12178,4901,192,7,0,0,0.02786188,0.32876875,0.88945221,1.06525400,1.09167016,1.09819717,1.09819717
03/07/2025,16:19:47,30435,12174,5098,191,7,0,0,0.02785186,0.32865053,0.91179303,1.08685176,1.11326792,1.11979493,1.11979493
03/07/2025,16:19:47,30435,12174,5098,191,7,0,0,0.02785186,0.32865053,0.91179303,1.08685176,1.11326792,1.11979493,1.11979493
03/07/2025,16:19:48,30466,12186,5454,191,7,0,0,0.02787997,0.32898230,0.95283371,1.12847444,1.15489060,1.16141761,1.16141761
03/07/2025,16:19:48,30466,12186,5454,191,7,0,0,0.02787997,0.32898230,0.95283371,1.12847444,1.15489060,1.16141761,1.16141761
03/07/2025,16:19:49,30501,12200,5835,192,7,0,0,0.02791164,0.32935600,0.99682885,1.17292165,1.19933781,1.20586482,1.20586482
03/07/2025,16:19:49,30501,12200,5835,192,7,0,0,0.02791164,0.32935600,0.99682885,1.17292165,1.19933781,1.20586482,1.20586482
03/07/2025,16:19:50,30583,12233,6282,194,7,0,0,0.02798720,0.33024738,1.04890328,1.22654718,1.25296334,1.25949035,1.25949035
03/07/2025,16:19:50,30583,12233,6282,194,7,0,0,0.02798720,0.33024738,1.04890328,1.22654718,1.25296334,1.25949035,1.25949035
03/07/2025,16:19:51,30642,12257,6660,195,7,0,0,0.02804123,0.33088516,1.09273025,1.27140822,1.29782438,1.30435139,1.30435139
03/07/2025,16:19:51,30642,12257,6660,195,7,0,0,0.02804123,0.33088516,1.09273025,1.27140822,1.29782438,1.30435139,1.30435139
03/07/2025,16:19:52,30738,12295,7131,197,7,0,0,0.02812930,0.33192430,1.14765084,1.32842989,1.35433290,1.36305620,1.36305620
03/07/2025,16:19:52,30738,12295,7131,197,7,0,0,0.02812930,0.33192430,1.14765084,1.32842989,1.35433290,1.36305620,1.36305620
03/07/2025,16:19:53,30833,12333,7637,202,7,0,0,0.02821600,0.33294725,1.20655017,1.39195050,1.41760055,1.42852015,1.42852015
03/07/2025,16:19:53,30833,12333,7637,202,7,0,0,0.02821600,0.33294725,1.20655017,1.39195050,1.41760055,1.42852015,1.42852015
03/07/2025,16:19:54,30892,12356,7992,207,7,0,0,0.02826965,0.33358027,1.24778310,1.43748168,1.46300164,1.47392124,1.47392124
03/07/2025,16:19:54,30892,12356,7992,207,7,0,0,0.02826965,0.33358027,1.24778310,1.43748168,1.46300164,1.47392124,1.47392124
03/07/2025,16:19:55,30873,12349,8188,210,7,0,0,0.02825210,0.33337336,1.27003523,1.46251299,1.48803295,1.49895255,1.49895255
03/07/2025,16:19:55,30873,12349,8188,210,7,0,0,0.02825210,0.33337336,1.27003523,1.46251299,1.48803295,1.49895255,1.49895255
03/07/2025,16:19:56,30862,12345,8313,216,7,0,0,0.02824289,0.33326468,1.28417749,1.48208457,1.50747805,1.51839765,1.51839765
03/07/2025,16:19:56,30862,12345,8313,216,7,0,0,0.02824289,0.33326468,1.28417749,1.48208457,1.50747805,1.51839765,1.51839765
03/07/2025,16:19:57,30833,12333,8360,222,6,0,0,0.02821607,0.33294819,1.28926169,1.49259809,1.51760852,1.52852812,1.52852812
03/07/2025,16:19:57,30833,12333,8360,222,6,0,0,0.02821607,0.33294819,1.28926169,1.49259809,1.51760852,1.52852812,1.52852812
03/07/2025,16:19:58,30786,12314,8367,227,6,0,0,0.02817302,0.33244006,1.28950894,1.49772468,1.52273511,1.53365471,1.53365471
03/07/2025,16:19:58,30786,12314,8367,227,6,0,0,0.02817302,0.33244006,1.28950894,1.49772468,1.52273511,1.53365471,1.53365471
03/07/2025,16:19:59,30766,12306,8520,233,6,0,0,0.02815499,0.33222746,1.30678683,1.52052889,1.54553932,1.55862428,1.55862428
03/07/2025,16:19:59,30766,12306,8520,233,6,0,0,0.02815499,0.33222746,1.30678683,1.52052889,1.54553932,1.55862428,1.55862428
03/07/2025,16:20:00,30708,12283,8540,237,6,0,0,0.02810128,0.33159351,1.30842303,1.52620436,1.55121479,1.56541336,1.56541336
03/07/2025,16:20:00,30708,12283,8540,237,6,0,0,0.02810128,0.33159351,1.30842303,1.52620436,1.55121479,1.56541336,1.56541336
03/07/2025,16:21:53,36328,14531,9385,474,5,0,0,0.03324415,0.39227912,1.46581166,1.89972714,1.91950493,1.93370350,1.93370350
03/07/2025,16:21:53,36328,14531,9385,474,5,0,0,0.03324415,0.39227912,1.46581166,1.89972714,1.91950493,1.93370350,1.93370350
03/07/2025,16:21:54,36482,14593,9690,483,5,0,0,0.03338560,0.39394840,1.50234089,1.94465887,1.96392712,1.97812569,1.97812569
03/07/2025,16:21:54,36482,14593,9690,483,5,0,0,0.03338560,0.39394840,1.50234089,1.94465887,1.96392712,1.97812569,1.97812569
03/07/2025,16:21:55,36663,14665,10044,494,5,0,0,0.03355139,0.39590466,1.54487681,1.99714839,2.01577702,2.02997559,2.02997559
03/07/2025,16:21:55,36663,14665,10044,494,5,0,0,0.03355139,0.39590466,1.54487681,1.99714839,2.01577702,2.02997559,2.02997559
03/07/2025,16:21:56,36839,14735,10368,507,5,0,0,0.03371168,0.39779607,1.58380145,2.04864383,2.06676293,2.08532316,2.08532316
03/07/2025,16:21:56,36839,14735,10368,507,5,0,0,0.03371168,0.39779607,1.58380145,2.04864383,2.06676293,2.08532316,2.08532316
03/07/2025,16:21:57,36922,14768,10486,510,5,0,0,0.03378778,0.39869412,1.59818693,2.06529145,2.08341055,2.10197078,2.10197078
03/07/2025,16:21:57,36922,14768,10486,510,5,0,0,0.03378778,0.39869412,1.59818693,2.06529145,2.08341055,2.10197078,2.10197078
03/07/2025,16:21:58,36989,14795,10571,513,5,0,0,0.03384961,0.39942345,1.60863101,2.07877368,2.09727583,2.11583606,2.11583606
03/07/2025,16:21:58,36989,14795,10571,513,5,0,0,0.03384961,0.39942345,1.60863101,2.07877368,2.09727583,2.11583606,2.11583606
03/07/2025,16:22:00,37050,14820,10628,520,5,0,0,0.03390535,0.40008125,1.61580439,2.09186047,2.11048910,2.12904933,2.12904933
03/07/2025,16:22:00,37050,14820,10628,520,5,0,0,0.03390535,0.40008125,1.61580439,2.09186047,2.11048910,2.12904933,2.12904933
03/07/2025,16:22:01,37122,14849,10688,526,5,0,0,0.03397102,0.40085630,1.62338178,2.10515818,2.12378681,2.14234704,2.14234704
03/07/2025,16:22:01,37122,14849,10688,526,5,0,0,0.03397102,0.40085630,1.62338178,2.10515818,2.12378681,2.14234704,2.14234704
03/07/2025,16:22:02,37169,14867,10709,531,5,0,0,0.03401432,0.40136727,1.62634866,2.11294035,2.13195203,2.15051226,2.15051226
03/07/2025,16:22:02,37169,14867,10709,531,5,0,0,0.03401432,0.40136727,1.62634866,2.11294035,2.13195203,2.15051226,2.15051226
03/07/2025,16:22:03,37100,14840,10584,533,5,0,0,0.03395066,0.40061604,1.61125361,2.09926737,2.11853562,2.13273419,2.13273419
03/07/2025,16:22:03,37100,14840,10584,533,5,0,0,0.03395066,0.40061604,1.61125361,2.09926737,2.11853562,2.13273419,2.13273419
03/07/2025,16:22:04,37070,14828,10583,536,5,0,0,0.03392313,0.40029098,1.61081543,2.10219037,2.12171520,2.13807913,2.13807913
03/07/2025,16:22:04,37070,14828,10583,536,5,0,0,0.03392313,0.40029098,1.61081543,2.10219037,2.12171520,2.13807913,2.13807913
